word_type	word_subtype	word	dual_category	lemma_freq	llfpm10	freq_bin	mds_x	mds_y
Clinical anchor	Course, prognosis, mechanism	benignus	False	2674.0	0.4941765184680077	7	0.6190085086110368	-0.40447940945115973
Clinical anchor	Course, prognosis, mechanism	dekompenzált	False	442.0	-0.2875626151088659	2	0.5161159073880207	-0.6098088436560751
Clinical anchor	Course, prognosis, mechanism	gyógyszerrezisztens	False	451.0	-0.2788083425799973	2	0.5940604676635801	0.2088174008494768
Clinical anchor	Course, prognosis, mechanism	iatrogén	False	814.0	-0.0223604795687566	4	0.6379569595232542	0.05498513164486153
Clinical anchor	Course, prognosis, mechanism	idiopátiás	False	1143.0	0.1250613459373238	5	0.5353220348049056	-0.5016557111024396
Clinical anchor	Course, prognosis, mechanism	komorbid	False	655.0	-0.1167435844661748	3		
Clinical anchor	Course, prognosis, mechanism	malignus	False	8363.0	0.9893772123268322	9	0.6237166054731056	-0.36099222571294154
Clinical anchor	Course, prognosis, mechanism	multifaktoriális	False	1317.0	0.1866008905038259	6	0.34312765493220343	-0.6711479937251232
Clinical anchor	Course, prognosis, mechanism	neurodegeneratív	False	2409.0	0.4488519155403856	7	0.6942616434948918	-0.14329348134523742
Clinical anchor	Course, prognosis, mechanism	prodromális	False	185.0	-0.6658131560549441	1		
Clinical anchor	Course, prognosis, mechanism	terápiarezisztens	False	658.0	-0.1147589908440023	4	0.7516751916997002	0.06551470457673354
Clinical anchor	Diagnostic and procedural descriptors	aszimptomatikus	False	187.0	-0.6611432779214589	1		
Clinical anchor	Diagnostic and procedural descriptors	juvenilis	False	1804.0	0.3232516487479651	6	0.4333603944877269	-0.5680835976968843
Clinical anchor	Diagnostic and procedural descriptors	kontraindikált	False	477.0	-0.2544665054178439	3	0.6505376563447618	0.29043220882734144
Clinical anchor	Diagnostic and procedural descriptors	patológiás	False	6849.0	0.9026422817519398	8	0.4638366717395527	-0.2600266100395704
Clinical anchor	Diagnostic and procedural descriptors	posztoperatív	False	4058.0	0.6753271582393694	8	0.6935755191138854	-0.2625736825761658
Clinical anchor	Diagnostic and procedural descriptors	szisztémás	False	17285.0	1.3046844994204678	10	0.7264854941535601	-0.24346169111184768
Clinical anchor	Diagnostic and procedural descriptors	szubklinikai	False	1169.0	0.1348296267038823	5	0.6556044996603011	-0.18382254298208137
Neutral/positive colloquial anchor	Core	aranyos	False	194072.0	2.3549779970269067	3	-0.5907237457695196	0.09052793285900253
Neutral/positive colloquial anchor	Core	boldog	False	1078232.0	3.0997273323104837	7	-0.4287050099447053	0.2133457088044311
Neutral/positive colloquial anchor	Core	békés	True	478840.0	2.747205537672569	5	-0.7656374755789398	-0.06190072427721636
Neutral/positive colloquial anchor	Core	csodálatos	False	710988.0	2.918877386345279	6	-0.5420731061255035	0.23381101516635455
Neutral/positive colloquial anchor	Core	csodás	False	306215.0	2.5530415764231313	3	-0.5276152428625596	0.14796455103389644
Neutral/positive colloquial anchor	Core	elégedett	False	461130.0	2.730838492826806	5	0.21336490350354834	0.7465048117289264
Neutral/positive colloquial anchor	Core	fantasztikus	False	427267.0	2.6977144668863993	4	-0.43309203880124236	0.35693195509566006
Neutral/positive colloquial anchor	Core	isteni	False	409384.0	2.6791459806211004	4	-0.5394404526595423	-0.5331140988402996
Neutral/positive colloquial anchor	Core	jó	False	24645525.0	4.458753189490464	10	-0.08130709671637262	0.5548532280464122
Neutral/positive colloquial anchor	Core	jókedvű	False	44156.0	1.7120048402131642	1	-0.2791458807650824	0.32132964025185906
Neutral/positive colloquial anchor	Core	kedves	False	2335176.0	3.435334734040873	9	-0.6343125941307415	0.1707263827083331
Neutral/positive colloquial anchor	Core	kellemes	False	1038359.0	3.0833626470541016	7	-0.16422897647377738	0.5286252956585394
Neutral/positive colloquial anchor	Core	kitűnő	False	407282.0	2.676910332224121	4	-0.25887028879463736	0.6404417720973231
Neutral/positive colloquial anchor	Core	kiváló	False	1854362.0	3.3352096345932902	8	-0.16823317975834065	0.7228183702604583
Neutral/positive colloquial anchor	Core	mennyei	False	151013.0	2.2460294508169754	2	-0.7628208446178402	-0.2203172799683395
Neutral/positive colloquial anchor	Core	nagyszerű	False	590275.0	2.838069505417538	5	-0.45497646193618496	0.43652409143314563
Neutral/positive colloquial anchor	Core	nyugodt	False	897201.0	3.019904864508077	6	0.05709951763372956	0.6277679330730803
Neutral/positive colloquial anchor	Core	pazar	False	65047.0	1.880242387023966	1	-0.5467631032024418	0.46172687358567327
Neutral/positive colloquial anchor	Core	pompás	False	96998.0	2.0537778951905707	2	-0.6094977350571906	0.32768620830491896
Neutral/positive colloquial anchor	Core	príma	False	18064.0	1.323829040122935	1	-0.4039450247643175	0.5395448128331928
Neutral/positive colloquial anchor	Core	remek	False	1171360.0	3.1357055050513973	8	-0.33547986265477137	0.5390831882695817
Neutral/positive colloquial anchor	Core	szép	False	4831936.0	3.7511362888722295	10	-0.5324885373005386	0.3026871658475271
Neutral/positive colloquial anchor	Core	tökéletes	False	2037570.0	3.376127653244376	9	-0.2285176750720837	0.47141959211500817
Neutral/positive colloquial anchor	Core	vidám	False	402638.0	2.6719298756911067	3	-0.3497540951767225	0.30079108150769684
Neutral/positive colloquial anchor	Core	élvezetes	False	129338.0	2.17874125655333	2	-0.15294704335476905	0.6294997027473292
Pejorative colloquial anchor	Core	borzalmas	False	108279.0	2.101559351775278	4	-0.21393614886430867	-0.17714638039518954
Pejorative colloquial anchor	Core	borzasztó	False	141016.0	2.216283507044849	6	-0.3934304610181284	-0.11755104987634979
Pejorative colloquial anchor	Core	bosszantó	False	57384.0	1.825805933369423	2	0.2086564012352624	0.33508187034779807
Pejorative colloquial anchor	Core	csúnya	False	202124.0	2.3726329998081077	7	-0.11976426260438353	-0.008387040965496084
Pejorative colloquial anchor	Core	csüggesztő	False	1146.0	0.1261997331734133	1	-0.29114051380288286	-0.4140256919330799
Pejorative colloquial anchor	Core	feszült	False	93725.0	2.0388705646356304	4	0.26877644543823354	0.4024249843196954
Pejorative colloquial anchor	Core	fájdalmas	False	222222.0	2.4138021674719994	8	0.057443935413831	-0.02559707961730953
Pejorative colloquial anchor	Core	fárasztó	False	91901.0	2.030335352631299	3	0.13061213339566308	0.5253781454062756
Pejorative colloquial anchor	Core	félelmetes	False	141795.0	2.2186760324913855	6	-0.3409255173672179	-0.01880222530422378
Pejorative colloquial anchor	Core	förtelmes	False	8748.0	1.0089238899076416	1	-0.3163015274177676	-0.24986894558371836
Pejorative colloquial anchor	Core	ideges	False	111952.0	2.1160469721101074	5	0.15993438590712533	0.13383741093953722
Pejorative colloquial anchor	Core	idegesítő	False	78387.0	1.9612591591397237	3	0.08755002416247859	0.2309518578814838
Pejorative colloquial anchor	Core	ijesztő	False	111546.0	2.114469116795027	4	-0.06924817798810312	-0.08877231374668226
Pejorative colloquial anchor	Core	iszonyú	False	76296.0	1.949516885168421	3	-0.3430155006095865	-0.3157175324496298
Pejorative colloquial anchor	Core	kellemetlen	False	390815.0	2.6589863397090716	9	0.23501062670731165	0.2148427258460493
Pejorative colloquial anchor	Core	kínos	False	129761.0	2.180159299301913	5	0.018439548408079348	0.24120187138923949
Pejorative colloquial anchor	Core	rettenetes	False	142404.0	2.220537303954744	7	-0.32995360075857877	-0.1404000616645442
Pejorative colloquial anchor	Core	rossz	False	3359081.0	3.5932355919734342	10	0.1266262546714416	0.3387144889436567
Pejorative colloquial anchor	Core	rémes	False	31497.0	1.5652843059826993	2	-0.27070903419896175	-0.011389393584634132
Pejorative colloquial anchor	Core	siralmas	False	28141.0	1.5163546417170095	1	-0.1437825768991168	0.3004762724200487
Pejorative colloquial anchor	Core	szomorú	False	415845.0	2.6859465995616065	10	-0.23820392948424476	0.12640226745071814
Pejorative colloquial anchor	Core	szörnyű	False	210758.0	2.390799184200218	8	-0.2367901850859097	-0.18676014988440795
Pejorative colloquial anchor	Core	unalmas	False	245857.0	2.4576976935051955	9	-0.05978971792734128	0.3820884380594065
Pejorative colloquial anchor	Core	undorító	False	49103.0	1.758123142158786	2	-0.21405636038884102	-0.10479447433843116
Target words	Addiction and dependency	addikt	True	624.0	-0.1378002947755338	1	0.4796372909124827	0.47656495365695306
Target words	Addiction and dependency	függő	False	717965.0	2.92311838892451	10	0.7063035284960947	0.3418031182478347
Target words	Contemporary loanwords	toxikus	False	35778.0	1.620631175271425	8	0.634364640963839	-0.03654768061258319
Target words	Depression	depressziós	False	55483.0	1.8111750511484304	9	0.30677300702536325	-0.08452272822503688
Target words	Depression	depresszív	False	12524.0	1.1647581744869198	6	0.2635135565681298	-0.13366431610943716
Target words	Hysteria, mania, paranoia	hisztis	False	14725.0	1.2350704190011814	7	0.09514738685241327	0.06882800499414103
Target words	Hysteria, mania, paranoia	mániás	False	11943.0	1.1441285478458023	6	0.3876520068120761	-0.17933567630005326
Target words	Hysteria, mania, paranoia	paranoiás	True	7761.0	0.956932798978248	5	0.06197998311696569	-0.2321343113817937
Target words	Insanity and madness	abnormális	False	17703.0	1.3150619849007037	7	0.12375357247479253	-0.4425487004236975
Target words	Insanity and madness	beszámíthatatlan	False	1684.0	0.2933572027056728	2	-0.05110830173812225	-0.4914183909719985
Target words	Insanity and madness	bolond	True	108557.0	2.1026729485223123	10	-0.569663487599894	-0.24868802363550185
Target words	Insanity and madness	dilis	False	5133.0	0.7773863798028049	4	-0.5453044062768349	-0.08506981937886884
Target words	Insanity and madness	elmebeteg	True	30615.0	1.5529493793137938	8	-0.03450718047000257	-0.45560124347938036
Target words	Insanity and madness	eszelős	False	11685.0	1.134643832270288	5	-0.3702374013665416	-0.37091940010257557
Target words	Insanity and madness	flúgos	False	3176.0	0.5688956092971008	3	0.300692166660345	0.5819665125003426
Target words	Insanity and madness	habókos	False	1682.0	0.2928411070039355	2	-0.542783671938156	-0.30297179723556683
Target words	Insanity and madness	hibbant	False	3530.0	0.6147898209298648	3	-0.32769171759869076	-0.5675498769107343
Target words	Insanity and madness	tébolyult	False	4098.0	0.6795870696072184	3	-0.39305485856880346	-0.28694938165191436
Target words	Insanity and madness	zakkant	True	1057.0	0.0910901028494684	1	0.5365740477232146	0.43555817039613753
Target words	Insanity and madness	ütődött	False	571.0	-0.1763487762121098	1	-0.28725462276857283	-0.48159207955884664
Target words	Insanity and madness	őrült	False	158527.0	2.267118356558806	10	-0.41849217286491924	-0.23405419111614925
Target words	Mood disorder	bipoláris	False	13388.0	1.1937308192277818	6	0.3360894712011845	-0.5796735992372879
Target words	Neurodevelopmental	autista	True	57717.0	1.8283188648986064	9	0.16500779993179993	-0.71993892452702
Target words	Neurodevelopmental	hiperaktív	False	14740.0	1.2355125990650748	7	0.403250169926696	0.01590064515968948
Target words	Neurosis and compulsion	kényszeres	False	22891.0	1.426679880911894	8	0.2078560552317713	-0.3213343914275557
Target words	Neurosis and compulsion	megszállott	True	57857.0	1.829371026409076	9	-0.021782745212204684	0.5018811486138844
Target words	Neurosis and compulsion	neurotikus	False	10350.0	1.0819554653349788	5	0.22187980901309867	-0.24644617870714153
Target words	Panic and phobia	fóbiás	True	2728.0	0.5028594815264835	2	0.2989067825533433	-0.3878438306747188
Target words	Psychotic spectrum	pszichotikus	False	6997.0	0.9119269894541828	4	0.3493784961787999	-0.2753211990717007
Target words	Psychotic spectrum	szkizofrén	True	1352.0	0.1979918071476593	1	0.1335758562209538	-0.5757792565518947
Target words	Trauma	traumatizált	False	2380.0	0.4435920725985541	2	-0.06139085577407903	-0.6716002767251835
Target words	Trauma	traumás	True	5628.0	0.8173692043047502	4	0.4803993946794634	-0.342868140053936
